Author;Feedback;Image Attached;Send day;MessageLink
vampirewolf#0;test;false;31 августа;https://discord.com/channels/584779116428132381/702909452789219389/1146785651430273114
vampirewolf#0;https://discord.com/channels/584779116428132381/702909452789219389/1146785651430273114;false;31 августа;https://discord.com/channels/584779116428132381/702909452789219389/1146785700839178372
vampirewolf#0;a;false;31 августа;https://discord.com/channels/584779116428132381/702909452789219389/1146829284133056603
vampirewolf#0;a;false;31 августа;https://discord.com/channels/584779116428132381/702909452789219389/1146829440102453321
vampirewolf#0;test;false;6 октября;https://discord.com/channels/584779116428132381/702909452789219389/1159965612500598784
vampirewolf#0;test;false;6 октября;https://discord.com/channels/584779116428132381/702909452789219389/1159965706390081636
vampirewolf#0;;true;6 октября;https://discord.com/channels/584779116428132381/702909452789219389/1159965736433885344
vampirewolf#0;place;false;6 октября;https://discord.com/channels/584779116428132381/702909452789219389/1159965764984512542
vampirewolf#0;place 1;false;6 октября;https://discord.com/channels/584779116428132381/702909452789219389/1159965773234704414
vampirewolf#0;place: 2;false;6 октября;https://discord.com/channels/584779116428132381/702909452789219389/1159965800438956042
vampirewolf#0;2;false;6 октября;https://discord.com/channels/584779116428132381/702909452789219389/1159965808215216189
vampirewolf#0;1;false;6 октября;https://discord.com/channels/584779116428132381/702909452789219389/1159965816268263424
vampirewolf#0;11;false;6 октября;https://discord.com/channels/584779116428132381/702909452789219389/1159965817979543664
vampirewolf#0;1;false;6 октября;https://discord.com/channels/584779116428132381/702909452789219389/1159965819502088234
vampirewolf#0;1;false;6 октября;https://discord.com/channels/584779116428132381/702909452789219389/1159965820991062076
vampirewolf#0;a;false;6 октября;https://discord.com/channels/584779116428132381/702909452789219389/1159965890062856292
vampirewolf#0;place: 1;false;6 октября;https://discord.com/channels/584779116428132381/702909452789219389/1159965903530766336
vampirewolf#0;test;false;6 октября;https://discord.com/channels/584779116428132381/702909452789219389/1159965911017586689
vampirewolf#0;1;false;6 октября;https://discord.com/channels/584779116428132381/702909452789219389/1159965914066845767
vampirewolf#0;a;false;6 октября;https://discord.com/channels/584779116428132381/702909452789219389/1159966038021120130
vampirewolf#0;test;false;6 октября;https://discord.com/channels/584779116428132381/702909452789219389/1159966045684117586
vampirewolf#0;1;false;6 октября;https://discord.com/channels/584779116428132381/702909452789219389/1159966050390130759
vampirewolf#0;place;false;6 октября;https://discord.com/channels/584779116428132381/702909452789219389/1159966105692024882
vampirewolf#0;place 1;false;6 октября;https://discord.com/channels/584779116428132381/702909452789219389/1159966114537799740
vampirewolf#0;place: 3;false;6 октября;https://discord.com/channels/584779116428132381/702909452789219389/1159966126516748339
vampirewolf#0;place:400\-;false;6 октября;https://discord.com/channels/584779116428132381/702909452789219389/1159966168426238044
vampirewolf#0;;true;6 октября;https://discord.com/channels/584779116428132381/702909452789219389/1159966297992482848
vampirewolf#0;;true;6 октября;https://discord.com/channels/584779116428132381/702909452789219389/1159966378686693447
vampirewolf#0;1;false;6 октября;https://discord.com/channels/584779116428132381/702909452789219389/1159966517547503696
vampirewolf#0;;true;6 октября;https://discord.com/channels/584779116428132381/702909452789219389/1159966539894759534
vampirewolf#0;place;false;6 октября;https://discord.com/channels/584779116428132381/702909452789219389/1159966567161937932
vampirewolf#0;place: 1;false;6 октября;https://discord.com/channels/584779116428132381/702909452789219389/1159966579946176512
vampirewolf#0;test;false;6 октября;https://discord.com/channels/584779116428132381/702909452789219389/1159966793041981551
vampirewolf#0;place: 100;false;6 октября;https://discord.com/channels/584779116428132381/702909452789219389/1159966816882401400
vampirewolf#0;100;false;6 октября;https://discord.com/channels/584779116428132381/702909452789219389/1159966848608116868
vampirewolf#0;place:20;false;6 октября;https://discord.com/channels/584779116428132381/702909452789219389/1159966864110272525
vampirewolf#0;PLACE:30343;false;6 октября;https://discord.com/channels/584779116428132381/702909452789219389/1159966906338521230
vampirewolf#0;1;false;13 октября;https://discord.com/channels/584779116428132381/702909452789219389/1162359813494292480
vampirewolf#0;3;false;13 октября;https://discord.com/channels/584779116428132381/702909452789219389/1162359825494188063
vampirewolf#0;33;false;13 октября;https://discord.com/channels/584779116428132381/702909452789219389/1162359833408852080
vampirewolf#0;3;false;13 октября;https://discord.com/channels/584779116428132381/702909452789219389/1162359835023642684
vampirewolf#0;3;false;13 октября;https://discord.com/channels/584779116428132381/702909452789219389/1162359836151926803
vampirewolf#0;3;false;13 октября;https://discord.com/channels/584779116428132381/702909452789219389/1162359837854810213
vampirewolf#0;3;false;13 октября;https://discord.com/channels/584779116428132381/702909452789219389/1162359839717068880
vampirewolf#0;PLace 1;false;13 октября;https://discord.com/channels/584779116428132381/702909452789219389/1162359862995468418
vampirewolf#0;place: 1;false;13 октября;https://discord.com/channels/584779116428132381/702909452789219389/1162359892015849604
vampirewolf#0;1;false;13 октября;https://discord.com/channels/584779116428132381/702909452789219389/1162359903822823434
vampirewolf#0;place:1;false;13 октября;https://discord.com/channels/584779116428132381/702909452789219389/1162359932247605248
vampirewolf#0;a;false;13 октября;https://discord.com/channels/584779116428132381/702909452789219389/1162360537762496582
vampirewolf#0;a;false;13 октября;https://discord.com/channels/584779116428132381/702909452789219389/1162360540333604945
vampirewolf#0;a;false;13 октября;https://discord.com/channels/584779116428132381/702909452789219389/1162360545480036402
vampirewolf#0;a;false;13 октября;https://discord.com/channels/584779116428132381/702909452789219389/1162360548424437760
vampirewolf#0;place1;false;13 октября;https://discord.com/channels/584779116428132381/702909452789219389/1162360741375004803
vampirewolf#0;70th;false;13 октября;https://discord.com/channels/584779116428132381/702909452789219389/1162421617012510871
vampirewolf#0;70th;false;13 октября;https://discord.com/channels/584779116428132381/702909452789219389/1162421699850031216
vampirewolf#0;70 th;false;13 октября;https://discord.com/channels/584779116428132381/702909452789219389/1162421711409528954
