Author;Suggestion;Image Attached;Send day;MessageLink
vampirewolf#0;test;30 августа;https://discord.com/channels/584779116428132381/702909452789219389/1146432095321854052
vampirewolf#0;test;false;30 августа;https://discord.com/channels/584779116428132381/702909452789219389/1146432658675597312
vampirewolf#0;test;false;30 августа;https://discord.com/channels/584779116428132381/702909452789219389/1146432787121983508
vampirewolf#0;t;true;30 августа;https://discord.com/channels/584779116428132381/702909452789219389/1146433335443337307
vampirewolf#0;t;true;30 августа;https://discord.com/channels/584779116428132381/702909452789219389/1146433388841013349
vampirewolf#0;test;false;30 августа;https://discord.com/channels/584779116428132381/702909452789219389/1146433400035606578
vampirewolf#0;test;false;30 августа;https://discord.com/channels/584779116428132381/702909452789219389/1146452511394385920
vampirewolf#0;test;false;16 ноября;https://discord.com/channels/584779116428132381/702909452789219389/1174758161052336230
vampirewolf#0;a;false;16 ноября;https://discord.com/channels/584779116428132381/702909452789219389/1174758460911521883
vampirewolf#0;test;false;16 ноября;https://discord.com/channels/584779116428132381/702909452789219389/1174759090329763942
vampirewolf#0;a;false;30 января;https://discord.com/channels/584779116428132381/702909452789219389/1201914054634115195
vampirewolf#0;a;false;30 января;https://discord.com/channels/584779116428132381/702909452789219389/1201914399544332338
vampirewolf#0;a;false;30 января;https://discord.com/channels/584779116428132381/702909452789219389/1201916592712335431
vampirewolf#0;a;true;30 января;https://discord.com/channels/584779116428132381/702909452789219389/1201917784213430324
vampirewolf#0;a;true;30 января;https://discord.com/channels/584779116428132381/702909452789219389/1201917834834223145
